Artist,Title,,URL,Service,URL Slug,Raw Title
311,All Mixed Up,,http://youtube.com/watch?v=JjTjtJDZomw,YouTube,JjTjtJDZomw,311 - All Mixed Up
311,Down,,http://youtube.com/watch?v=lYBIRHi5-o8,YouTube,lYBIRHi5-o8,311 - Down-lYBIRHi5
3 Doors Down,Kryptonite,,http://youtube.com/watch?v=xPU8OAjjS4k,YouTube,xPU8OAjjS4k,3 Doors Down - Kryptonite
69 Boyz,Tootsee Roll,,http://youtube.com/watch?v=qs7f3ssuEjA,YouTube,qs7f3ssuEjA,69 boyz - Tootsee Roll
A-ha,Take on Me,,http://youtube.com/watch?v=djV11Xbc914,YouTube,djV11Xbc914,a-ha - Take On Me (Official Video)
Ace of Base,All That She Wants,,http://youtube.com/watch?v=d73tiBBzvFM,YouTube,d73tiBBzvFM,Ace of Base - All That She Wants (Official)
Ace of Base,Beautiful Life,,http://youtube.com/watch?v=wh-07BzfgYY,YouTube,wh-07BzfgYY,Ace of Base - Beautiful Life (Official)-wh
Ace of Base,The Sign,,http://youtube.com/watch?v=iqu132vTl5Y,YouTube,iqu132vTl5Y,Ace of Base - The Sign (Official)
Aerosmith,Crazy,,http://youtube.com/watch?v=NMNgbISmF4I,YouTube,NMNgbISmF4I,Aerosmith - Crazy
Aerosmith,Janie’s Got a Gun,,http://youtube.com/watch?v=RqQn2ADZE1A,YouTube,RqQn2ADZE1A,Aerosmith - Janie's Got A Gun
Alan Jackson,Chattahoochee,,http://youtube.com/watch?v=JW5UEW2kYvc,YouTube,JW5UEW2kYvc,Alan Jackson - Chattahoochee
Alanis Morissette,Thank U,,http://youtube.com/watch?v=OOgpT5rEKIU,YouTube,OOgpT5rEKIU,Alanis Morissette - Thank U (Official Music Video)
Alice In Chains,Man in the Box,,http://youtube.com/watch?v=TAqZb52sgpU,YouTube,TAqZb52sgpU,Alice In Chains - Man in the Box (Official Video)
Animotion,Obsession,,http://youtube.com/watch?v=hIs5StN8J-0,YouTube,hIs5StN8J-0,Animotion - Obsession-hIs5StN8J
Arrested Development,Mr. Wendal,,http://youtube.com/watch?v=wyDjRd0Tjss,YouTube,wyDjRd0Tjss,Arrested Development - Mr. Wendal-wyDjRd0Tjss
Arrested Development,Tennessee,,http://youtube.com/watch?v=6VCdJyOAQYM,YouTube,6VCdJyOAQYM,Arrested Development - Tennessee-6VCdJyOAQYM
Artists United Against Apartheid,Sun City,,http://youtube.com/watch?v=TlMdYpnVOGQ,YouTube,TlMdYpnVOGQ,Artists United Against Apartheid - Sun City (Official Video)
Avril Lavigne,Complicated,,http://youtube.com/watch?v=5NPBIwQyPWE,YouTube,5NPBIwQyPWE,Avril Lavigne - Complicated (Official Video)
Backstreet Boys,Everybody (Backstreet’s Back),,http://youtube.com/watch?v=6M6samPEMpM,YouTube,6M6samPEMpM,Backstreet Boys - Everybody (Backstreet's Back) (Official Video)
Band Aid,Do They Know It’s Christmas,,http://youtube.com/watch?v=bjQzJAKxTrE,YouTube,,
Barenaked Ladies,One Week,,http://youtube.com/watch?v=fC_q9KPczAg,YouTube,fC_q9KPczAg,Barenaked Ladies - One Week (Video)
Beastie Boys,Intergalactic,,http://youtube.com/watch?v=qORYO0atB6g,YouTube,qORYO0atB6g,Beastie Boys - Intergalactic
Beastie Boys,Sabotage,,http://youtube.com/watch?v=z5rRZdiu1UE,YouTube,z5rRZdiu1UE,Beastie Boys - Sabotage
Beck,Devils Haircut,,http://youtube.com/watch?v=aa3rBVb3v4g,YouTube,aa3rBVb3v4g,Beck - Devils Haircut
Beck,Loser,,http://youtube.com/watch?v=YgSPaXgAdzE,YouTube,YgSPaXgAdzE,Beck - Loser
Beck,The New Pollution,,http://youtube.com/watch?v=uxugaMpt1vU,YouTube,uxugaMpt1vU,Beck - The New Pollution
Belinda Carlisle,Heaven Is a Place on Earth,,http://youtube.com/watch?v=NOGEyBeoBGM,YouTube,NOGEyBeoBGM,Belinda Carlisle - Heaven Is A Place On Earth
Bell Biv DeVoe,Poison,,http://youtube.com/watch?v=sb2np1HGqxg,YouTube,sb2np1HGqxg,Bell Biv DeVoe - Poison
Belly,Feed the Tree,,http://youtube.com/watch?v=RQJjUbMrt8w,YouTube,RQJjUbMrt8w,Belly - Feed The Tree (Video)
Ben Folds Five,Army,,http://youtube.com/watch?v=Yr_s6-Q7f00,YouTube,Yr_s6-Q7f00,Ben Folds Five - Army-Yr_s6
Ben Folds Five,Brick,,http://youtube.com/watch?v=Wt5EHAqhR1c,YouTube,Wt5EHAqhR1c,Ben Folds Five - Brick
Ben Folds Five,One Angry Dwarf and 200 Solemn Faces,,http://youtube.com/watch?v=GwFBshjGe8I,YouTube,GwFBshjGe8I,Ben Folds Five - One Angry Dwarf and 200 Solemn Faces
Biz Markie,Just a Friend,,http://youtube.com/watch?v=9aofoBrFNdg,YouTube,9aofoBrFNdg,Biz Markie - Just A Friend (Official Video)
Björk,Army of Me,,http://youtube.com/watch?v=3biZkA-TNvs,YouTube,3biZkA-TNvs,Björk - Army of Me (HQ)-3biZkA
Björk,Bachelorette,,http://youtube.com/watch?v=x5nNfbTS6N4,YouTube,x5nNfbTS6N4,bjork - bachelorette
Blink-182,All the Small Things,,http://youtube.com/watch?v=9Ht5RZpzPqw,YouTube,9Ht5RZpzPqw,blink-182 - All The Small Things
Blink-182,I Miss You,,http://youtube.com/watch?v=s1tAYmMjLdY,YouTube,s1tAYmMjLdY,
Blink-182,Stay Together for the Kids,,http://youtube.com/watch?v=k1BFHYtZlAU,YouTube,k1BFHYtZlAU,blink-182 - Stay Together For The Kids
Blondie,Maria,,http://youtube.com/watch?v=VoOG7LEyUJ0,YouTube,VoOG7LEyUJ0,Maria - Blondie
Blur,Coffee and TV,,http://youtube.com/watch?v=6oqXVx3sBOk,YouTube,6oqXVx3sBOk,Blur - Coffee And TV
Blur,Song 2,,http://youtube.com/watch?v=SSbBvKaM6sk,YouTube,SSbBvKaM6sk,Blur - Song 2
Bobby Brown,My Prerogative,,http://youtube.com/watch?v=5cDLZqe735k,YouTube,5cDLZqe735k,Bobby Brown - My Prerogative
Bobby Brown feat. Whitney Houston,Something in Common,,http://youtube.com/watch?v=QlgFvYQMEBY,YouTube,QlgFvYQMEBY,Bobby Brown - Something In Common ft. Whitney Houston
Bone Thugs N Harmony,Tha Crossroads,,http://youtube.com/watch?v=o9IXAJg4Vm0,YouTube,o9IXAJg4Vm0,Bone Thugs N Harmony - Tha Crossroads (Official Video)
Bonnie Raitt,Not the Only One,,http://youtube.com/watch?v=Gw8wJQi05Ws,YouTube,Gw8wJQi05Ws,Bonnie Raitt - Not The Only One
Bow Wow Wow,Do You Wanna Hold Me,,http://youtube.com/watch?v=VDXi4yqVd9g,YouTube,VDXi4yqVd9g,
Bow Wow Wow,I Want Candy,,http://youtube.com/watch?v=aMICD3aMZpw,YouTube,aMICD3aMZpw,Bow Wow Wow - I Want Candy
Boyz II Men,Motown Philly,,http://youtube.com/watch?v=OHzkICG47LU,YouTube,OHzkICG47LU,Boyz II Men - Motown Philly
Brandy & Monica,The Boy Is Mine,,http://youtube.com/watch?v=Va1Y6uAgNJY,YouTube,Va1Y6uAgNJY,Brandy & Monica - The Boy Is Mine (1998) + Lyrics
Breeders,Cannonball,,http://youtube.com/watch?v=fxvkI9MTQw4,YouTube,fxvkI9MTQw4,
Britney Spears,...Baby One More Time,,http://youtube.com/watch?v=C-u5WLJ9Yk4,YouTube,C-u5WLJ9Yk4,Britney Spears - ...Baby One More Time-C
Britney Spears,Toxic,,http://youtube.com/watch?v=LOZuxwVk7TU,YouTube,LOZuxwVk7TU,Britney Spears - Toxic (Official Video)
Bruce Springsteen,Dancing in the Dark,,http://youtube.com/watch?v=129kuDCQtHs,YouTube,129kuDCQtHs,Bruce Springsteen - Dancing in the Dark
Busta Rhymes,Put Your Hands Where My Eyes Could See,,http://www.dailymotion.com/video/x15erl_put-your-hands-where-my-eyes-could_music,Dailymotion,x15erl,Put your hands where my eyes could see
Busta Rhymes & Mariah Carey feat. Flipmode Squad,I Know What You Want,,http://youtube.com/watch?v=WDaNJW_jEBo,YouTube,WDaNJW_jEBo,"Busta Rhymes, Mariah Carey - I Know What You Want ft. Flipmode Squad"
Butthole Surfers,Pepper,,http://youtube.com/watch?v=CO8vBVUaKvk,YouTube,CO8vBVUaKvk,Butthole Surfers - Pepper
C & C Music Factory,Everybody Dance Now,,http://youtube.com/watch?v=12VUjgYMm1U,YouTube,12VUjgYMm1U,C & C Music factory - Everybody dance now
Cake,The Distance,,http://www.dailymotion.com/video/x1kkxh_cake-the-distance_music,Dailymotion,x1kkxh,Cake - The Distance
Cake,Short Skirt / Long Jacket,,http://youtube.com/watch?v=X5KmB8Laemg,YouTube,X5KmB8Laemg,Cake - Short Skirt _ Long Jacket
Cardigans,Lovefool,,http://youtube.com/watch?v=VUodwTf8JJw,YouTube,VUodwTf8JJw,The Cardigans - Lovefool  _  Official Video  _  US Version [HD]
Cardigans,My Favourite Game,,http://youtube.com/watch?v=Qq-I4orlEhE,YouTube,Qq-I4orlEhE,The Cardigans - My Favourite Game (Official Video)-Qq
Céline Dion,It’s All Coming Back to Me Now,,http://youtube.com/watch?v=pDxoj-tDDIU,YouTube,pDxoj-tDDIU,Céline Dion - It's All Coming Back To Me Now-pDxoj
Chemical Brothers,Let Forever Be,,http://youtube.com/watch?v=s5FyfQDO5g0,YouTube,s5FyfQDO5g0,The Chemical Brothers - Let Forever Be
Chris Rock feat. Shadow,No Sex,,http://youtube.com/watch?v=j9yBPcn8IqU,YouTube,j9yBPcn8IqU,Chris Rock - No Sex ft. Shadow-j9yBPcn8IqU
Christina Aguilera,Genie in a Bottle,,http://youtube.com/watch?v=kIDWgqDBNXA,YouTube,kIDWgqDBNXA,Christina Aguilera - Genie In A Bottle
"Christina Aguilera, Pink, Mya & Lil Kim",Lady Marmalade,,http://youtube.com/watch?v=YQxEIgY6Log,YouTube,YQxEIgY6Log,"Christina Aguilera, Pink, Mya & Lil Kim - Lady Marmalade"
Cibo Matto,Sugar Water,,http://youtube.com/watch?v=EN9auBn6Jys,YouTube,EN9auBn6Jys,Cibo Matto - Sugar Water (Video)
Civ,Can’t Wait One Minute More,,http://youtube.com/watch?v=ngZXgBH7v9c,YouTube,ngZXgBH7v9c,Civ 'Can't Wait One Minute More' Video
Color Me Badd,I Wanna Sex You Up,,http://youtube.com/watch?v=kO6BtpIzIiM,YouTube,kO6BtpIzIiM,Color Me Badd - I Wanna Sex You Up
Coolio,1 2 3 4 (Sumpin’ New),,http://youtube.com/watch?v=OwU32Fa_Mko,YouTube,OwU32Fa_Mko,Coolio - 1 2 3 4 (Sumpin New) (Explicit)
Cornershop,Brimful of Asha,,http://youtube.com/watch?v=lM7H0ooV_o8,YouTube,lM7H0ooV_o8,Cornershop - Brimful of Asha - Official Music Video (Original) (Tjinder Singh)
Counting Crows,Mr. Jones,,http://youtube.com/watch?v=-oqAU5VxFWs,YouTube,-oqAU5VxFWs,Counting Crows - Mr. Jones-
Cranberries,Dreams,,http://youtube.com/watch?v=tONsedTRCD4,YouTube,tONsedTRCD4,The Cranberries - Dreams (Original Version)
Crash Test Dummies,Mmm Mmm Mmm Mmm ,,http://youtube.com/watch?v=1I-dwO-Qu0E,YouTube,1I-dwO-Qu0E,Mmm Mmm Mmm Mmm  -  Crash Test Dummies  (HQ Audio)-1I-dwO-Qu0E
Crazy Town,Butterfly,,http://www.dailymotion.com/video/x1ex8q_crazy-town-butterfly-music-video_music,Dailymotion,x1ex8q,Crazy Town - Butterfly - Music Video
Crowded House,Don’t Dream It’s Over,,http://youtube.com/watch?v=J9gKyRmic20,YouTube,J9gKyRmic20,Crowded House - Don't Dream It's Over
Culture Club,Do You Really Want to Hurt Me,,http://youtube.com/watch?v=2nXGPZaTKik,YouTube,2nXGPZaTKik,Culture Club - Do You Really Want To Hurt Me
Cyndi Lauper,She Bop,,http://youtube.com/watch?v=KFq4E9XTueY,YouTube,KFq4E9XTueY,Cyndi Lauper - She Bop
Cyndi Lauper,Time After Time,,http://youtube.com/watch?v=VdQY7BusJNU,YouTube,VdQY7BusJNU,Cyndi Lauper - Time After Time
Cyndi Lauper,True Colors,,http://youtube.com/watch?v=LPn0KFlbqX8,YouTube,LPn0KFlbqX8,Cyndi Lauper - True Colors
Daft Punk,Da Funk,,http://youtube.com/watch?v=mmi60Bd4jSs,YouTube,mmi60Bd4jSs,Daft Punk - Da Funk
Dandy Warhols,Not If You Were the Last Junkie on Earth,,http://youtube.com/watch?v=APrpB-i4d_E,YouTube,APrpB-i4d_E,The Dandy Warhols - Not If You Were The Last Junkie On Earth-APrpB
David Bowie,I’m Afraid of Americans,,http://youtube.com/watch?v=gPVrFIP0CMs,YouTube,gPVrFIP0CMs,David Bowie - I'm Afraid of Americans (HD)
De La Soul,"Me, Myself and I",,http://youtube.com/watch?v=FJEzEDMqXQQ,YouTube,FJEzEDMqXQQ,"De La Soul - Me, Myself And I [Official Video HD]"
Dead Or Alive,You Spin Me Round,,http://youtube.com/watch?v=PGNiXGX2nLU,YouTube,PGNiXGX2nLU,Dead Or Alive - You Spin Me Round (Like a Record)
Deee-Lite ,Groove Is in the Heart,,http://youtube.com/watch?v=gzoEK545j64,YouTube,gzoEK545j64,Deee-Lite  - 'Groove Is In The Heart'  (Official Music Video)
Des'ree,You Gotta Be,,https://vimeo.com/62414941,Vimeo,62414941,Des'ree - You Gotta Be (Video)
Diamond Rio,Meet in the Middle,,http://youtube.com/watch?v=qWKpCmPdGmM,YouTube,qWKpCmPdGmM,Diamond Rio - Meet In The Middle
Digital Undergound,Humpty Dance,,http://youtube.com/watch?v=cj9_yW8tZxs,YouTube,cj9_yW8tZxs,Digital Undergound 'Humpty Dance' ‌‌ - Bohemia After Dark-cj9_yW8tZxs
Dire Straits,Money for Nothing,,http://youtube.com/watch?v=lAD6Obi7Cag,YouTube,lAD6Obi7Cag,"Dire Straits - Money For Nothing music video (Good quality, all countries)"
Dishwalla,Counting Blue Cars,,http://youtube.com/watch?v=Clxtg2pFTQM,YouTube,Clxtg2pFTQM,Dishwalla - Counting Blue Cars
DJ Jazzy Jeff & The Fresh Prince,Parents Just Don't Understand,,http://youtube.com/watch?v=jW3PFC86UNI,YouTube,jW3PFC86UNI,DJ Jazzy Jeff & The Fresh Prince - Parents Just Don't Understand-jW3PFC86UNI
DMX,Party Up (Up in Here),,http://youtube.com/watch?v=thIVtEOtlWM,YouTube,thIVtEOtlWM,DMX - Party Up (Up In Here)-thIVtEOtlWM
Dolly Parton,Jolene,,http://youtube.com/watch?v=1plvBR02wDs,YouTube,1plvBR02wDs,Dolly Parton -- Jolene
Donna Lewis,I Love You Always Forever,,http://youtube.com/watch?v=SqdWTeXWvOg,YouTube,SqdWTeXWvOg,Donna Lewis - I Love You Always Forever (Official Video)
Donnas,Take It Off,,http://youtube.com/watch?v=nCvRT2sy5FE,YouTube,nCvRT2sy5FE,The Donnas - Take It Off (Video) Album Version audio
"Dr. Dre feat. Snoop Dogg, Kurupt, Nate Dogg",The Next Episode,,http://youtube.com/watch?v=QZXc39hT8t4,YouTube,QZXc39hT8t4,"Dr. Dre - The Next Episode ft. Snoop Dogg, Kurupt, Nate Dogg-QZXc39hT8t4"
Duran Duran,Rio,,http://youtube.com/watch?v=e3W6yf6c-FA,YouTube,e3W6yf6c-FA,Duran Duran - Rio-e3W6yf6c
E-40,Tell Me When to Go,,http://youtube.com/watch?v=2GZbaXdK8Js,YouTube,2GZbaXdK8Js,E-40 - Tell Me When To Go (Main Version w_ Intro)
Eagle-Eye Cherry,Save Tonight,,http://youtube.com/watch?v=Nntd2fgMUYw,YouTube,Nntd2fgMUYw,Eagle-Eye Cherry - Save Tonight
Edie Brickell & New Bohemians,What I Am,,http://youtube.com/watch?v=tDl3bdE3YQA,YouTube,tDl3bdE3YQA,Edie Brickell & New Bohemians - What I Am
Edwin McCain,I’ll Be,,http://youtube.com/watch?v=OWqLtXXzldk,YouTube,OWqLtXXzldk,I'll Be (Official Music Video) - Edwin McCain
Edwyn Collins,A Girl Like You,,http://youtube.com/watch?v=nkKxGzm98AU,YouTube,nkKxGzm98AU,Edwyn Collins 'A Girl Like You' directed by Gavin Evans
Elastica,Car Song,,http://youtube.com/watch?v=djjw3BKUV28,YouTube,djjw3BKUV28,Elastica - Car Song
Elastica,Connection,,http://youtube.com/watch?v=gY2s4hJ8kuA,YouTube,gY2s4hJ8kuA,Elastica - Connection _HD
Elastica,Connection (Alternate),,http://youtube.com/watch?v=ilKcXIFi-Rc,YouTube,ilKcXIFi-Rc,Elastica - Connection-ilKcXIFi
Elvis Costello,Everyday I Write the Book,,http://youtube.com/watch?v=jfFunjzyIsE,YouTube,jfFunjzyIsE,Elvis Costello  1983  Everyday I Write the Book
EMF,Unbelievable,,https://vimeo.com/78548198,Vimeo,78548198,EMF   Unbelievable
Eminem,My Name Is,,http://youtube.com/watch?v=sNPnbI1arSE,YouTube,sNPnbI1arSE,Eminem - My Name Is
En Vogue,My Lovin' (You're Never Gonna Get It),,http://youtube.com/watch?v=Xpugp6DIb3I,YouTube,Xpugp6DIb3I,En Vogue - My Lovin' (You're Never Gonna Get It) (1992)-Xpugp6DIb3I
Enya,Orinoco Flow,,http://youtube.com/watch?v=LTrk4X9ACtw,YouTube,LTrk4X9ACtw,Enya - Orinoco Flow (video)
Eurythmics,Sweet Dreams,,http://youtube.com/watch?v=qeMFqkcPYcg,YouTube,qeMFqkcPYcg,Eurythmics - Sweet Dreams (Are Made Of This) (Official Video)
Evanescence,Bring Me to Life,,http://youtube.com/watch?v=3YxaaGgTQYM,YouTube,3YxaaGgTQYM,Evanescence - Bring Me To Life
Eve 6,Inside Out,,http://youtube.com/watch?v=T8Xb_7YDroQ,YouTube,T8Xb_7YDroQ,Eve 6 - Inside Out
Everclear,Everything to Everyone,,http://youtube.com/watch?v=D1vQJFF2TKQ,YouTube,D1vQJFF2TKQ,Everclear - Everything To Everyone
Everclear,Father of Mine,,http://youtube.com/watch?v=kkcbxjWG9Mc,YouTube,kkcbxjWG9Mc,Everclear - Father Of Mine
Everclear,I Will Buy You a New Life,,http://youtube.com/watch?v=W05cPXpUHGI,YouTube,W05cPXpUHGI,Everclear - I Will Buy You A New Life
Everclear,Santa Monica,,http://youtube.com/watch?v=MW6E_TNgCsY,YouTube,MW6E_TNgCsY,Everclear - Santa Monica
Everlast,What It’s Like,,http://youtube.com/watch?v=vCZ1YteCv5M,YouTube,vCZ1YteCv5M,Everlast - What Its Like-vCZ1YteCv5M
Faith No More,Epic,,http://youtube.com/watch?v=ZG_k5CSYKhg,YouTube,ZG_k5CSYKhg,Faith No More - Epic (Official Music Video)-ZG_k5CSYKhg
Fastball,Out of My Head,,http://youtube.com/watch?v=Wd2aeZhu9xY,YouTube,Wd2aeZhu9xY,Fastball - Out Of My Head
Fastball,The Way,,http://youtube.com/watch?v=b0wfu3tOrtQ,YouTube,b0wfu3tOrtQ,Fastball - The Way-b0wfu3tOrtQ
Fatboy Slim,Praise You,,http://youtube.com/watch?v=ruAi4VBoBSM,YouTube,ruAi4VBoBSM,Fatboy Slim - Praise You [Official Video]
Fine Young Cannibals,She Drives Me Crazy,,http://youtube.com/watch?v=0sw54Pdh_m8,YouTube,0sw54Pdh_m8,Fine Young Cannibals - She Drives Me Crazy (1989)
Fiona Apple,Criminal,,http://youtube.com/watch?v=FFOzayDpWoI,YouTube,FFOzayDpWoI,Fiona Apple - Criminal
Fiona Apple,Never Is a Promise,,http://youtube.com/watch?v=c5XptSCCciU,YouTube,c5XptSCCciU,Fiona Apple - Never Is A Promise
Fiona Apple,Paper Bag,,http://youtube.com/watch?v=BK30r_SIZ-g,YouTube,BK30r_SIZ-g,Fiona Apple - Paper Bag-BK30r_SIZ
Foo Fighters,Big Me,,http://youtube.com/watch?v=pLdJQFTnZfA,YouTube,pLdJQFTnZfA,Foo Fighters - Big Me
Foo Fighters,Everlong,,http://youtube.com/watch?v=eBG7P-K-r1Y,YouTube,eBG7P-K-r1Y,Foo Fighters - Everlong-eBG7P-K
Foo Fighters,Learn to Fly,,http://youtube.com/watch?v=1VQ_3sBZEm0,YouTube,1VQ_3sBZEm0,Foo Fighters - Learn To Fly
Foo Fighters,Monkey Wrench,,http://youtube.com/watch?v=I7rCNiiNPxA,YouTube,I7rCNiiNPxA,Foo Fighters - Monkey Wrench
Foo Fighters,Walking After You,,http://youtube.com/watch?v=TNwkN9vrUYY,YouTube,TNwkN9vrUYY,Foo Fighters - Walking After You
Foreigner,I Want to Know What Love Is,,http://youtube.com/watch?v=raNGeq3_DtM,YouTube,raNGeq3_DtM,Foreigner - 'I Want To Know What Love Is' [Official Music Video]
Frankie Goes to Hollywood,Two Tribes,,http://youtube.com/watch?v=SXWVpcypf0w,YouTube,SXWVpcypf0w,Frankie Goes To Hollywood - Two Tribes (ZTIS 119)
Franz Ferdinand,Take Me Out,,http://youtube.com/watch?v=Ijk4j-r7qPA,YouTube,Ijk4j-r7qPA,Franz Ferdinand - Take Me Out-Ijk4j
Fugees,Killing Me Softly,,http://youtube.com/watch?v=jX4qkQmT22g,YouTube,jX4qkQmT22g,The Fugees - Killing me softly
Fugees,Ready or Not,,http://youtube.com/watch?v=aIXyKmElvv8,YouTube,aIXyKmElvv8,The Fugees - Ready or Not
Garbage,I Think I’m Paranoid,,http://youtube.com/watch?v=ypr18UmxOas,YouTube,ypr18UmxOas,Garbage - I Think I'm Paranoid
Garbage,Only Happy When It Rains,,http://youtube.com/watch?v=GpBFOJ3R0M4,YouTube,GpBFOJ3R0M4,Garbage - Only Happy When It Rains
Garbage,Push It,,http://youtube.com/watch?v=0AIIsfKGlV8,YouTube,0AIIsfKGlV8,Garbage - Push It (HD)
George Michael,Careless Whisper,,http://youtube.com/watch?v=izGwDsrQ1eQ,YouTube,izGwDsrQ1eQ,George Michael - Careless Whisper (Official Video)
George Michael,Freedom! ’90,,http://youtube.com/watch?v=diYAc7gB-0A,YouTube,diYAc7gB-0A,George Michael - Freedom! '90-diYAc7gB
Gerardo,Rico Suave,,http://youtube.com/watch?v=6nldpjPbGqg,YouTube,6nldpjPbGqg,Rico Suave HD 1280x720
Gin Blossoms,Til I Hear It from You,,http://youtube.com/watch?v=o7sx32alzeE,YouTube,o7sx32alzeE,Gin Blossoms - Til I Hear It From You-o7sx32alzeE.mp4
Go West,King of Wishful Thinking,,http://youtube.com/watch?v=r-z94RCld34,YouTube,r-z94RCld34,Go West - King Of Wishful Thinking [HQ]-r
Go-Gos,Vacation,,http://youtube.com/watch?v=o_iVlhcF_NA,YouTube,o_iVlhcF_NA,Vacation-The Go-Gos
Goo Goo Dolls,Slide,,http://youtube.com/watch?v=yP4qdefD2To,YouTube,yP4qdefD2To,Goo Goo Dolls - Slide [Official Music Video]
Green Day,Redundant,,http://youtube.com/watch?v=6ydpSVvXE9k,YouTube,6ydpSVvXE9k,Green Day - Redundant [Official Music Video]
Green Day,When I Come Around,,http://youtube.com/watch?v=i8dh9gDzmz8,YouTube,i8dh9gDzmz8,Green Day - When I Come Around [Official Music Video]
Guns N' Roses,November Rain,,http://youtube.com/watch?v=8SbUC-UaAxE,YouTube,8SbUC-UaAxE,Guns N' Roses - November Rain-8SbUC
Guns N' Roses,Paradise City,,http://youtube.com/watch?v=Rbm6GXllBiw,YouTube,Rbm6GXllBiw,Guns N' Roses - Paradise City
Guns N' Roses,Sweet Child O’ Mine,,http://youtube.com/watch?v=1w7OgIMMRc4,YouTube,1w7OgIMMRc4,Guns N' Roses - Sweet Child O' Mine
Haddaway,What Is Love,,http://youtube.com/watch?v=xhrBDcQq2DM,YouTube,xhrBDcQq2DM,Haddaway - What Is Love (Official Video)
Harvey Danger,Flagpole Sitta,,http://youtube.com/watch?v=jJo0MT3wDBs,YouTube,jJo0MT3wDBs,Harvey Danger - Flagpole Sitta [1997] - I'm Not Sick But I'm Not Well!
Hate to Say I Told You So,Hate to Say I Told You So,,http://youtube.com/watch?v=Uz1Jwyxd4tE,YouTube,Uz1Jwyxd4tE,Hate to Say I Told You So
Heavy D & The Boyz feat. Aaron Hall,Now That We Found Love,,http://youtube.com/watch?v=NNEgUPKxk7A,YouTube,NNEgUPKxk7A,Heavy D & The Boyz - Now That We Found Love ft. Aaron Hall
Hole,Celebrity Skin,,http://youtube.com/watch?v=O3dWBLoU--E,YouTube,O3dWBLoU--E,Hole - Celebrity Skin-O3dWBLoU-
Hole,Malibu,,http://youtube.com/watch?v=v0CYB5V9e64,YouTube,v0CYB5V9e64,Hole - Malibu
House of Pain,Jump Around,,http://youtube.com/watch?v=KZaz7OqyTHQ,YouTube,KZaz7OqyTHQ,House Of Pain - 'Jump Around' (Official Music Video)-KZaz7OqyTHQ
Hum,Stars,,http://youtube.com/watch?v=Rfbn3ieVUYU,YouTube,Rfbn3ieVUYU,Hum _ Stars
Human League,Fascination,,http://youtube.com/watch?v=QqqBs6kkzHE,YouTube,QqqBs6kkzHE,The Human League - (Keep Feeling) Fascination
Human League,Don’t You Want Me,,http://youtube.com/watch?v=uPudE8nDog0,YouTube,uPudE8nDog0,The Human League - Don't You Want Me
Ice Cube,It Was a Good Day,,http://youtube.com/watch?v=WoIgiwEVCUQ,YouTube,WoIgiwEVCUQ,Ice Cube 'It Was A Good Day' Music Video HD
Imani Coppola,Legend of a Cowgirl,,http://youtube.com/watch?v=n26hAOmkmFE,YouTube,n26hAOmkmFE,Imani Coppola - Legend Of A Cowgirl
Incubus,Drive,,http://youtube.com/watch?v=fgT9zGkiLig,YouTube,fgT9zGkiLig,Incubus - Drive
International Noise Conspiracy,Smash It Up,,http://youtube.com/watch?v=FyjmCg_VMU0,YouTube,FyjmCg_VMU0,The (International) Noise Conspiracy - Smash It Up (video)
J. Geils Band,Love Stinks,,http://youtube.com/watch?v=E0LAs7X5ybE,YouTube,E0LAs7X5ybE,J. Geils Band - Love Stinks
Ja Rule feat. Ashanti,Mesmerize,,http://youtube.com/watch?v=VcP96KbFIIU,YouTube,VcP96KbFIIU,Ja Rule - Mesmerize ft. Ashanti
James,Laid,,http://youtube.com/watch?v=g_qZ5B-yioU,YouTube,g_qZ5B-yioU,James - Laid (Version 2)-g_qZ5B
Jamiroquai,Canned Heat,,http://youtube.com/watch?v=vE4VlA_9OrI,YouTube,vE4VlA_9OrI,Jamiroquai - Canned Heat
Jane's Addiction,Been Caught Stealing,,http://youtube.com/watch?v=jrwjiO1MCVs,YouTube,jrwjiO1MCVs,Jane's Addiction - Been Caught Stealing (Video)
Janet Jackson,Rhythm Nation,,http://youtube.com/watch?v=OAwaNWGLM0c,YouTube,OAwaNWGLM0c,Janet Jackson - Rhythm Nation
Jann Arden,Insensitive,,http://youtube.com/watch?v=nrGWwHalCU,YouTube,nrGWwHalCU,Jann Arden - Insensitive--nrGWwHalCU
Jen Trynin,Better Than Nothing,,http://youtube.com/watch?v=mXbldxnQgy8,YouTube,mXbldxnQgy8,Jen Trynin - Better Than Nothing
Jennifer Lopez,If You Had My Love,,http://youtube.com/watch?v=lYfkl-HXfuU,YouTube,lYfkl-HXfuU,Jennifer Lopez - If You Had My Love (Official Video)-lYfkl-HXfuU
Jennifer Paige,Crush,,http://youtube.com/watch?v=EIhSnaqou0I,YouTube,EIhSnaqou0I,JENNIFER PAIGE 'CRUSH' original version (Official Video) HQ
Jimmy Eat World,The Middle,,http://youtube.com/watch?v=oKsxPW6i3pM,YouTube,oKsxPW6i3pM,Jimmy Eat World - The Middle
Joan Osborne,St. Teresa,,http://youtube.com/watch?v=hbAeTywPiP4,YouTube,hbAeTywPiP4,Joan Osborne - St. Teresa-hbAeTywPiP4
Joan Osborne,What If God Was One of Us,,http://youtube.com/watch?v=7Gx1Pv02w3Q,YouTube,7Gx1Pv02w3Q,Joan Osborne - What If God Was One Of Us-7Gx1Pv02w3Q
John Mellencamp,Jack & Diane,,http://youtube.com/watch?v=h04CH9YZcpI,YouTube,h04CH9YZcpI,John Mellencamp - Jack & Diane
K-Ci & JoJo,All My Life,,http://youtube.com/watch?v=DXvMT_mVbqw,YouTube,DXvMT_mVbqw,K-Ci & JoJo - All My Life
K.D. Lang,Constant Craving,,http://youtube.com/watch?v=oXqPjx94YMg,YouTube,oXqPjx94YMg,k.d. lang - Constant Craving (Video)-oXqPjx94YMg
Kate Bush,Babooshka,,http://youtube.com/watch?v=6xckBwPdo1c,YouTube,6xckBwPdo1c,Kate Bush - Babooshka - Official Music Video
Kate Bush,Wuthering Heights,,http://youtube.com/watch?v=BW3gKKiTvjs,YouTube,BW3gKKiTvjs,Kate Bush Wuthering Heights.
Kim Carnes,Bette Davis Eyes,,http://youtube.com/watch?v=EPOIS5taqA8,YouTube,EPOIS5taqA8,
Korn,Freak on a Leash,,http://youtube.com/watch?v=jRGrNDV2mKc,YouTube,jRGrNDV2mKc,Korn - Freak on a Leash
Kylie Minogue,Come Into My World,,http://youtube.com/watch?v=6Fe1Scu5fdw,YouTube,6Fe1Scu5fdw,Kylie Minogue - Come Into My World [HD]
La Bouche,Be My Lover,,http://youtube.com/watch?v=AJV7iL6vBrI,YouTube,AJV7iL6vBrI,La Bouche - Be my Lover (1st US Version) (1995) - Official music video _ videoclip HIGH QUALITY
Lauryn Hill,Doo-Wop,,http://youtube.com/watch?v=T6QKqFPRZSA,YouTube,T6QKqFPRZSA,Lauryn Hill - Doo-Wop (That Thing) (Official Video)
LeAnn Rimes,How Do I Live,,http://youtube.com/watch?v=MUFasKZcH_c,YouTube,MUFasKZcH_c,LeAnn Rimes - How Do I Live (Official Music Video)
Len,Steal My Sunshine,,http://youtube.com/watch?v=E1fzJ_AYajA,YouTube,E1fzJ_AYajA,Len - Steal My Sunshine
Lenny Kravitz,Are You Gonna Go My Way,,http://youtube.com/watch?v=i5PZQMwL7iE,YouTube,i5PZQMwL7iE,Are You Gonna Go My Way' - Lenny Kravitz
Les Rythmes Digitales,What’s That Sound,,http://youtube.com/watch?v=T69CCsfaZlA,YouTube,T69CCsfaZlA,Les Rythmes Digitales - (Hey You) Whats That Sound 
Lifehouse,Hanging by a Moment ,,http://youtube.com/watch?v=VvAx2qagtlQ,YouTube,VvAx2qagtlQ,Lifehouse - Hanging by a Moment (Official Music Video) Lyrics
Lil' Kim feat. Lil Cease,Crush on You,,http://youtube.com/watch?v=DDoQ2wGT6-k,YouTube,DDoQ2wGT6-k,Lil' Kim feat. Lil Cease - Crush On You (1997)-DDoQ2wGT6-k
Lionel Richie,Say You Say Me,,http://youtube.com/watch?v=we0mk_J0zyc,YouTube,we0mk_J0zyc,lionel richie-say you say me
Lit,Miserable,,http://youtube.com/watch?v=kMOeTLLeaDU,YouTube,kMOeTLLeaDU,Lit - Miserable
Lit,My Own Worst Enemy,,http://youtube.com/watch?v=sc5iTNVEOAg,YouTube,sc5iTNVEOAg,Lit - My Own Worst Enemy
Liz Phair,Never Said,,http://youtube.com/watch?v=RCP-UIs2kpM,YouTube,RCP-UIs2kpM,Liz Phair - Never Said-RCP
LL Cool J,Doin’ It,,http://youtube.com/watch?v=PFjYNJiOXtA,YouTube,PFjYNJiOXtA,LL Cool J - Doin' It (HD _ Dirty)
Los del Rio,Macarena ,,http://youtube.com/watch?v=XiBYM6g8Tck,YouTube,XiBYM6g8Tck,Los del Rio - Macarena (Original Video) [HD]
Lou Bega,Mambo No. 5,,http://youtube.com/watch?v=EK_LN3XEcnw,YouTube,EK_LN3XEcnw,Lou Bega - Mambo No. 5 (A Little Bit of...) (Official Video)
Luscious Jackson,Here,,http://youtube.com/watch?v=-rSb74tPok8,YouTube,-rSb74tPok8,Luscious Jackson - Here-
Luscious Jackson,Under Your Skin,,http://youtube.com/watch?v=bKoppkVsNGM,YouTube,bKoppkVsNGM,Luscious Jackson - Under Your Skin
Luscious Jackson,Naked Eye,,http://youtube.com/watch?v=0NhqN0KcWAE,YouTube,0NhqN0KcWAE,Luscious Jackson - Naked Eye-0NhqN0KcWAE.mp4
Madness,Our House,,http://youtube.com/watch?v=oXA6CLTDekw,YouTube,oXA6CLTDekw,Madness - Our House
Madonna,Frozen,,http://youtube.com/watch?v=XS088Opj9o0,YouTube,XS088Opj9o0,Madonna - Frozen
Madonna,Hung Up,,http://youtube.com/watch?v=EDwb9jOVRtU,YouTube,EDwb9jOVRtU,Madonna - Hung Up (Official Music Video)
Madonna,Like a Virgin,,http://youtube.com/watch?v=s__rX_WL100,YouTube,s__rX_WL100,Madonna - Like A Virgin (video)
Madonna,Music,,http://youtube.com/watch?v=Sdz2oW0NMFk,YouTube,Sdz2oW0NMFk,Madonna - Music
Madonna,Nothing Really Matters,,http://youtube.com/watch?v=cAVx9RKaLPU,YouTube,cAVx9RKaLPU,Madonna - Nothing Really Matters (Video)
Madonna,Open Your Heart,,http://youtube.com/watch?v=snsTmi9N9Gs,YouTube,snsTmi9N9Gs,Madonna - Open Your Heart
Madonna,Ray of Light,,http://youtube.com/watch?v=a4tD8dy9Reg,YouTube,a4tD8dy9Reg,Madonna - Ray Of Light
Madonna,Vogue,,http://youtube.com/watch?v=GuJQSAiODqI,YouTube,GuJQSAiODqI,Madonna - Vogue (video)
Marcy Playground,Sex and Candy,,http://youtube.com/watch?v=-KT-r2vHeMM,YouTube,-KT-r2vHeMM,Marcy Playground - Sex And Candy--KT
Marilyn Manson,The Dope Show,,http://youtube.com/watch?v=5R682M3ZEyk,YouTube,5R682M3ZEyk,Marilyn Manson - The Dope Show
Matchbox Twenty,3am,,http://youtube.com/watch?v=C-Naa1HXeDQ,YouTube,C-Naa1HXeDQ,Matchbox Twenty - 3AM [Official Video]-C
Matchbox Twenty,Push,,http://youtube.com/watch?v=HAkHqYlqops,YouTube,HAkHqYlqops,Matchbox Twenty - Push
Mazzy Star,Fade Into You,,http://youtube.com/watch?v=ImKY6TZEyrI,YouTube,ImKY6TZEyrI,Mazzy Star - Fade Into You-ImKY6TZEyrI
Melissa Etheridge,I'm the Only One,,http://youtube.com/watch?v=oCphbDRkZSo,YouTube,oCphbDRkZSo,Melissa Etheridge - I'm The Only One (Music Video)-oCphbDRkZSo.mp4
Men at Work,Down Under,,http://youtube.com/watch?v=XfR9iY5y94s,YouTube,XfR9iY5y94s,Men At Work - Down Under
Men at Work,Who Can It Be Now,,http://youtube.com/watch?v=SECVGN4Bsgg,YouTube,SECVGN4Bsgg,Men At Work - Who Can It Be Now
Men Without Hats,Safety Dance,,http://youtube.com/watch?v=AjPau5QYtYs,YouTube,AjPau5QYtYs,Safety Dance - Men Without Hats Official Video
Merril Bainbridge,Mouth,,http://youtube.com/watch?v=6WKrsBggLl4,YouTube,6WKrsBggLl4,Merril Bainbridge - 'Mouth' 1995
Michael Jackson,Bad,,http://youtube.com/watch?v=dsUXAEzaC3Q,YouTube,dsUXAEzaC3Q,Michael Jackson - Bad
Michael Jackson,Scream,,http://youtube.com/watch?v=0P4A1K4lXDo,YouTube,0P4A1K4lXDo,Michael Jackson - Scream
Michael Jackson,Remember the Time,,http://youtube.com/watch?v=LeiFF0gvqcc,YouTube,LeiFF0gvqcc,Michael Jackson - Remember The Time-LeiFF0gvqcc
Midnight Oil,Beds Are Burning,,http://youtube.com/watch?v=ejorQVy3m8E,YouTube,ejorQVy3m8E,Midnight Oil - Beds Are Burning
Mighty Mighty Bosstones,The Impression That I Get,,http://youtube.com/watch?v=NIGMUAMevH0,YouTube,NIGMUAMevH0,The Mighty Mighty Bosstones - The Impression That I Get
Missy Elliott,Get Ur Freak On,,http://youtube.com/watch?v=FPoKiGQzbSQ,YouTube,FPoKiGQzbSQ,Missy Elliott - Get Ur Freak On [OFFICIAL VIDEO]
Moby,We Are All Made of Stars,,http://youtube.com/watch?v=x1rFAaAKpVc,YouTube,x1rFAaAKpVc,Moby 'We Are All Made of Stars' - Official video
Modest Mouse,Float On,,http://youtube.com/watch?v=CTAud5O7Qqk,YouTube,CTAud5O7Qqk,Modest Mouse - Float On
Montell Jordan,This Is How We Do It,,http://youtube.com/watch?v=0hiUuL5uTKc,YouTube,0hiUuL5uTKc,Montell Jordan - This Is How We Do It
Morrissey,Everyday Is Like Sunday,,http://youtube.com/watch?v=d0LeL9BUPtA,YouTube,d0LeL9BUPtA,Morrissey - Everyday Is Like Sunday
Mr. Mister,Broken Wings,,http://youtube.com/watch?v=nKhN1t_7PEY,YouTube,nKhN1t_7PEY,Mr. Mister - Broken Wings
Mystikal,Shake It Fast,,http://youtube.com/watch?v=Vb2mnDp68S0,YouTube,Vb2mnDp68S0,Mystikal - Shake It Fast
Nada Surf  Popular,Nada Surf  Popular,,http://youtube.com/watch?v=RNc45FTenhg,YouTube,RNc45FTenhg,Nada Surf  Popular
Natalie Imbruglia,Torn,,http://youtube.com/watch?v=VV1XWJN3nJo,YouTube,VV1XWJN3nJo,Natalie Imbruglia - Torn (Official Video)
Naughty By Nature,O.P.P.,,http://youtube.com/watch?v=uFTBG1sae0M,YouTube,uFTBG1sae0M,Naughty By Nature - O.P.P.
Nelly,Hot in Herre,,http://youtube.com/watch?v=GeZZr_p6vB8,YouTube,GeZZr_p6vB8,Nelly - Hot In Herre-GeZZr_p6vB8
Nelly ft. P. Diddy & Murphy Lee,Shake Ya Tailfeather,,http://youtube.com/watch?v=JkXrEUeULmc,YouTube,JkXrEUeULmc,Nelly ft. P. Diddy & Murphy Lee - Shake Ya Tailfeather
Nelly Furtado,I’m Like a Bird,,http://youtube.com/watch?v=roPQ_M3yJTA,YouTube,roPQ_M3yJTA,Nelly Furtado - I'm Like A Bird
New Edition,Candy Girl,,http://youtube.com/watch?v=qAFg2TQk9v0,YouTube,qAFg2TQk9v0,Candy Girl official video New Edition 1983
New Radicals,You Get What You Give,,http://youtube.com/watch?v=DL7-CKirWZE,YouTube,DL7-CKirWZE,New Radicals - You Get What You Give-DL7-CKirWZE.mp4
Next,Too Close,,http://youtube.com/watch?v=kwEZRPkAAu8,YouTube,kwEZRPkAAu8,Next - Too Close
Nikka Costa,Like a Feather,,http://youtube.com/watch?v=6cIQn9avW2M,YouTube,6cIQn9avW2M,Nikka Costa - Like A Feather
Nine Days,Absolutely,,http://youtube.com/watch?v=ZIANBamMgas,YouTube,ZIANBamMgas,Nine Days - Absolutely (Story Of A Girl)
Nine Inch Nails,The Perfect Drug,,http://youtube.com/watch?v=sSLqeZzTU8I,YouTube,sSLqeZzTU8I,'The Perfect Drug'' (1997) Nine Inch Nails
Nirvana,Smells Like Teen Spirit,,http://youtube.com/watch?v=hTWKbfoikeg,YouTube,hTWKbfoikeg,Nirvana - Smells Like Teen Spirit
No Doubt,Just a Girl,,http://youtube.com/watch?v=PHzOOQfhPFg,YouTube,PHzOOQfhPFg,No Doubt - Just A Girl
No Doubt,Simple Kind of Life,,http://youtube.com/watch?v=kRpZJ9EgJho,YouTube,kRpZJ9EgJho,No Doubt - Simple Kind Of Life
No Doubt,Sunday Morning,,http://youtube.com/watch?v=PiBX-ESFDF0,YouTube,PiBX-ESFDF0,No Doubt - Sunday Morning-PiBX
Notorious B.I.G.,Big Poppa,,http://youtube.com/watch?v=phaJXp_zMYM,YouTube,phaJXp_zMYM,The Notorious B.I.G. - 'Big Poppa'-phaJXp_zMYM
Notorious B.I.G.,Hypnotize,,http://www.youtube.com/watch?v=glEiPXAYE-U,YouTube,glEiPXAYE-U,"The Notorious B.I.G. - ""Hypnotize"""
Notorious B.I.G.,Mo Money Mo Problems,,http://youtube.com/watch?v=gUhRKVIjJtw,YouTube,gUhRKVIjJtw,The Notorious B.I.G. - 'Mo Money Mo Problems'-gUhRKVIjJtw.mp4
Oasis,Wonderwall,,http://youtube.com/watch?v=bx1Bh8ZvH84,YouTube,bx1Bh8ZvH84,Oasis - Wonderwall
ODB,"Baby, I Got Your Money",,http://youtube.com/watch?v=gKw5mBh4rYs,YouTube,gKw5mBh4rYs,"ODB - Baby, I got your money [_original uncencored video_]"
Offspring,Self Esteem,,http://youtube.com/watch?v=Abrn8aVQ76Q,YouTube,Abrn8aVQ76Q,The Offspring - 'Self Esteem'
Offspring,Pretty Fly,,http://youtube.com/watch?v=nzY2Qcu5i2A,YouTube,nzY2Qcu5i2A,The Offspring - Pretty Fly (For a White Guy) (Official Video)
Offspring,She’s Got Issues,,http://youtube.com/watch?v=kenF3_77774,YouTube,kenF3_77774,The Offspring - She's Got Issues
OMC,How Bizarre,,http://youtube.com/watch?v=C2cMG33mWVY,YouTube,C2cMG33mWVY,OMC - How Bizarre
Orgy,Blue Monday [New Order],,http://youtube.com/watch?v=MAt9QTmVc7Q,YouTube,MAt9QTmVc7Q,Orgy - Blue Monday (Original Music Video) - - -
OutKast,Hey Ya!,,http://youtube.com/watch?v=PWgvGjAhvIw,YouTube,PWgvGjAhvIw,OutKast - Hey Ya!
OutKast,Ms. Jackson,,http://youtube.com/watch?v=MYxAiK6VnXw,YouTube,MYxAiK6VnXw,OutKast - Ms. Jackson
Paul Simon,Diamonds on the Soles of Her Shoes,,http://youtube.com/watch?v=-I_T3XvzPaM,YouTube,-I_T3XvzPaM,Paul Simon - Diamonds On The Soles Of Her Shoes-
Paul Simon,Obvious Child,,http://youtube.com/watch?v=9HKNAhAxMAk,YouTube,9HKNAhAxMAk,Paul Simon - Obvious Child
Paul Simon,You Can Call Me Al,,http://youtube.com/watch?v=uq-gYOrU8bA,YouTube,uq-gYOrU8bA,Paul Simon - You Can Call Me Al-uq
Paula Abdul,Opposites Attract,,http://youtube.com/watch?v=xweiQukBM_k,YouTube,xweiQukBM_k,Paula Abdul - Opposites Attract
Paula Cole,I Don’t Want to Wait,,http://youtube.com/watch?v=hJb5RvAs4BI,YouTube,hJb5RvAs4BI,Paula Cole-I Don't Want to Wait.mp4
Paula Cole,Where Have All the Cowboys Gone,,http://youtube.com/watch?v=JPR108kwNo4,YouTube,JPR108kwNo4,Paula Cole-Where have all the cowboys gone
Pavement,Gold Soundz,,http://youtube.com/watch?v=lPvhKV3Yg2k,YouTube,lPvhKV3Yg2k,Pavement - Gold Soundz (1994)
Peaches,The Presidents of the United States of America,,http://youtube.com/watch?v=wvAnQqVJ3XQ,YouTube,wvAnQqVJ3XQ,Peaches - The Presidents of the United States of America
Peter Gabriel,Sledgehammer,,http://youtube.com/watch?v=OJWJE0x7T4Q,YouTube,OJWJE0x7T4Q,Peter Gabriel - Sledgehammer HD (1080p)
Pharcyde,Drop,,http://youtube.com/watch?v=co3qMdkucM0,YouTube,co3qMdkucM0,The Pharcyde - Drop
PJ Harvey,A Place Called Home,,http://youtube.com/watch?v=_m2NyS3IDjE,YouTube,_m2NyS3IDjE,PJ Harvey - A Place Called Home
Pogues feat. Kirsty MacColl,Fairytale of New York,,http://youtube.com/watch?v=j9jbdgZidu8,YouTube,j9jbdgZidu8,The Pogues Featuring Kirsty MacColl -  Fairytale Of New York (Official Video)
Pogues feat. Kirsty MacColl,Miss Otis Regrets / Just One of Those Things,,http://youtube.com/watch?v=R0ojrK-yz_M,YouTube,R0ojrK-yz_M,The Pogues feat. Kirsty MacColl - Miss Otis Regrets_Just One of Those Things [Music Video]-R0ojrK
Police,Every Breath You Take,,http://youtube.com/watch?v=OMOGaugKpzs,YouTube,OMOGaugKpzs,The Police - Every Breath You Take
Police,Every Little Thing She Does Is Magic,,http://youtube.com/watch?v=aENX1Sf3fgQ,YouTube,aENX1Sf3fgQ,The Police - Every Little Thing She Does Is Magic
Pras feat. Mya & Ol' Dirty Bastard,Ghetto Superstar,,http://youtube.com/watch?v=RtIGCGu9L90,YouTube,RtIGCGu9L90,Pras featuring Mya & Ol' Dirty Bastard 'Ghetto Superstar' ‌‌ - Bohemia After Dark
Proclaimers,500 Miles,,http://www.dailymotion.com/video/xadk_proclaimers-500-miles_news,Dailymotion,xadk,Proclaimers 500 Miles
Prodigy,Smack My Bitch Up,,http://youtube.com/watch?v=2DPF_pWIy3w,YouTube,2DPF_pWIy3w,The Prodigy Smack My Bitch Up (Uncensored)
"Puff Daddy feat. The Notorious B.I.G., The LOX & Lil' Kim",It’s All About the Benjamins,,http://youtube.com/watch?v=fNTBb1u6UGg,YouTube,fNTBb1u6UGg,"Puff Daddy ft. The Notorious B.I.G., The LOX & Lil' Kim - It's All About the Benjamins"
Pulp,Common People,,http://youtube.com/watch?v=yuTMWgOduFM,YouTube,yuTMWgOduFM,Pulp - Common People
R.E.M.,The One I Love,,http://youtube.com/watch?v=j7oQEPfe-O8,YouTube,j7oQEPfe-O8,R.E.M. - The One I Love-j7oQEPfe
Radiohead,Just,,http://youtube.com/watch?v=-_qMagfZtv8,YouTube,-_qMagfZtv8,Radiohead - Just-
Radiohead,Paranoid Android,,http://youtube.com/watch?v=sPLEbAVjiLA,YouTube,sPLEbAVjiLA,Radiohead - Paranoid Android
Real McCoy,Another Night,,http://youtube.com/watch?v=Pav2f4b-1ZE,YouTube,Pav2f4b-1ZE,Real McCoy - Another Night-Pav2f4b
Republica,Ready to Go,,http://youtube.com/watch?v=JgffRW1fKDk,YouTube,JgffRW1fKDk,Republica - Ready to Go
Ricky Martin,Livin’ La Vida Loca,,http://youtube.com/watch?v=p47fEXGabaY,YouTube,p47fEXGabaY,Ricky Martin - Livin' La Vida Loca
Robbie Williams,Millennium,,http://youtube.com/watch?v=e-bIqEsRATQ,YouTube,e-bIqEsRATQ,Robbie Williams   Millenium-e
Rod Stewart,Young Turks,,http://youtube.com/watch?v=zQ41hqlV0Kk,YouTube,zQ41hqlV0Kk,Rod Stewart - Young Turks (Official Video)
Roni Size / Reprazent,Brown Paper Bag,,http://youtube.com/watch?v=cwI0gbGEyuI,YouTube,cwI0gbGEyuI,Roni Size _ Reprazent - Brown Paper Bag
RuPaul,Supermodel (Of the World),,http://youtube.com/watch?v=Vw9LOrHU8JI,YouTube,Vw9LOrHU8JI,RuPaul - Supermodel (Of The World)-Vw9LOrHU8JI
Sahara Hotnights,Alright Alright,,http://youtube.com/watch?v=y1avnmBG3kA,YouTube,y1avnmBG3kA,Sahara Hotnights - Alright Alright (Here's My Fist Where's The Fight)
Salt-N-Pepa,Push It,,http://youtube.com/watch?v=vCadcBR95oU,YouTube,vCadcBR95oU,Salt-N-Pepa - Push It
Sarah McLachlan,Building a Mystery,,http://youtube.com/watch?v=_QUq72fla3o,YouTube,_QUq72fla3o,Sarah McLachlan - Building A Mystery
Sarah McLachlan,Sweet Surrender,,http://youtube.com/watch?v=h2JWJYLNUq4,YouTube,h2JWJYLNUq4,Sarah McLachlan - Sweet Surrender
Savage Garden,I Want You,,http://youtube.com/watch?v=HQt6jIKNwgU,YouTube,HQt6jIKNwgU,Savage Garden - I Want You
Seal,Kiss from a Rose,,http://youtube.com/watch?v=ateQQc-AgEM,YouTube,ateQQc-AgEM,Seal - Kiss from a Rose-ateQQc
Semisonic,Closing Time,,http://youtube.com/watch?v=xGytDsqkQY8,YouTube,xGytDsqkQY8,Semisonic - Closing Time
Seven Mary Three,Cumbersome,,http://youtube.com/watch?v=NjNn4bbbgSw,YouTube,NjNn4bbbgSw,Seven Mary Three - Cumbersome (Video)
Shania Twain,Man! I Feel Like a Woman,,http://youtube.com/watch?v=ZJL4UGSbeFg,YouTube,ZJL4UGSbeFg,Shania Twain - Man! I Feel Like A Woman
Shania Twain,That Don’t Impress Me Much,,http://youtube.com/watch?v=mqFLXayD6e8,YouTube,mqFLXayD6e8,Shania Twain - That Don't Impress Me Much
Shania Twain,You’re Still the One,,http://youtube.com/watch?v=KNZH-emehxA,YouTube,KNZH-emehxA,Shania Twain - You're Still The One-KNZH
Shawn Colvin,Sunny Came Home,,http://youtube.com/watch?v=qfKKBDFCiIA,YouTube,qfKKBDFCiIA,Shawn Colvin - Sunny Came Home
Shawn Mullins,Lullaby,,http://youtube.com/watch?v=hG9C0VwruXE,YouTube,hG9C0VwruXE,Shawn Mullins - Lullaby
She Moves,Breaking All the Rules,,http://youtube.com/watch?v=4gms1fjqmak,YouTube,4gms1fjqmak,She Moves - Breaking All The Rules _ Music Video
Sheryl Crow,Anything But Down,,http://youtube.com/watch?v=JJqmyOeOnWk,YouTube,JJqmyOeOnWk,Sheryl Crow - Anything But Down
Shivaree,Bossa Nova,,http://youtube.com/watch?v=jssgxx0sbtE,YouTube,jssgxx0sbtE,Shivaree - Bossa Nova
Silverchair,Ana’s Song,,http://youtube.com/watch?v=zNK_r2QAXAo,YouTube,zNK_r2QAXAo,Silverchair - Ana's Song (Open Fire)
Simple Minds,Don’t You,,http://youtube.com/watch?v=CdqoNKCCt7A,YouTube,CdqoNKCCt7A,Simple Minds - Don't You (Forget About Me)
Sinead O'Connor,Nothing Compares 2 U,,http://www.dailymotion.com/video/x2cdyy_sinead-o-connor-nothing-compares-2_music,Dailymotion,x2cdyy,Sinead O'Connor - Nothing Compares 2 U
Skee-Lo,I Wish,,http://youtube.com/watch?v=ryDOy3AosBw,YouTube,ryDOy3AosBw,Skee-Lo - I Wish (Official Video)-ryDOy3AosBw
Smash Mouth,All Star,,http://youtube.com/watch?v=L_jWHffIx5E,YouTube,L_jWHffIx5E,Smash Mouth - All Star
Smash Mouth,Walkin’ on the Sun,,http://youtube.com/watch?v=LQj--Kjn0z8,YouTube,LQj--Kjn0z8,Smash Mouth - Walkin' On The Sun-LQj-
Smashing Pumpkins,The End Is the Beginning Is the End,,http://youtube.com/watch?v=4OEvDqRr898,YouTube,4OEvDqRr898,Smashing Pumpkins - The End is the Beginning is the End-4OEvDqRr898
Smashing Pumpkins,1979,,http://youtube.com/watch?v=4aeETEoNfOg,YouTube,4aeETEoNfOg,The Smashing Pumpkins - 1979
Smashing Pumpkins,Ava Adore,,http://youtube.com/watch?v=9uWwvQKGjLI,YouTube,9uWwvQKGjLI,The Smashing Pumpkins - Ava Adore
Smashing Pumpkins,Perfect,,http://youtube.com/watch?v=VKYY8DxVZHE,YouTube,VKYY8DxVZHE,The Smashing Pumpkins - Perfect
Smashing Pumpkins,Today,,http://youtube.com/watch?v=xmUZ6nCFNoU,YouTube,xmUZ6nCFNoU,The Smashing Pumpkins - Today
Smashing Pumpkins,"Tonight, Tonight",,http://youtube.com/watch?v=NOG3eus4ZSo,YouTube,NOG3eus4ZSo,"The Smashing Pumpkins - Tonight, Tonight"
Snoop Doggy Dogg,Gin and Juice,,http://youtube.com/watch?v=0Cxr1-b6Xkc,YouTube,0Cxr1-b6Xkc,Gin and juice - Snoop Doggy Dogg-0Cxr1-b6Xkc
Snow,Informer,,http://youtube.com/watch?v=exScXXcZ7V8,YouTube,exScXXcZ7V8,
Soundgarden,Black Hole Sun,,http://youtube.com/watch?v=3mbBbFH9fAg,YouTube,3mbBbFH9fAg,Soundgarden - Black Hole Sun
Spacehog,In the Meantime,,http://youtube.com/watch?v=Nz4wdbw6RlE,YouTube,Nz4wdbw6RlE,Spacehog - In the Meantime (Alternative Video)
Spice Girls,2 Become 1,,http://youtube.com/watch?v=FA5jsa1lR9c,YouTube,FA5jsa1lR9c,Spice Girls - 2 Become 1
Spice Girls,Holler,,http://youtube.com/watch?v=gFBWbH5CeRE,YouTube,gFBWbH5CeRE,Spice Girls - Holler
Spice Girls,Say You’ll Be There,,http://youtube.com/watch?v=9ro0FW9Qt-4,YouTube,9ro0FW9Qt-4,Spice Girls - Say You'll Be There-9ro0FW9Qt
Sponge,Molly,,http://youtube.com/watch?v=Wf4YYOc72wQ,YouTube,Wf4YYOc72wQ,Sponge - Molly (Sixteen Candles)
Squeeze,Tempted,,http://youtube.com/watch?v=SmlCJFaUnKI,YouTube,SmlCJFaUnKI,Squeeze - Tempted
Starship,Nothing’s Gonna Stop Us Now,,http://youtube.com/watch?v=bBQVrCflZ_E,YouTube,bBQVrCflZ_E,Starship - 'Nothing's Gonna Stop Us Now' - ORIGINAL VIDEO - HQ
Stevie Nicks,I Can’t Wait,,http://youtube.com/watch?v=cmwFtOJaOcA,YouTube,cmwFtOJaOcA,Stevie Nicks - I Can't Wait (Official Video)
Stone Temple Pilots,Sour Girl,,http://youtube.com/watch?v=YxS4lqppZ6Y,YouTube,YxS4lqppZ6Y,Stone Temple Pilots - Sour Girl (Video)
Stroke 9,Little Black Backpack,,http://youtube.com/watch?v=L0yYCqkt0VE,YouTube,L0yYCqkt0VE,Stroke 9 - Little Black Backpack Video
Strokes,Last Nite,,http://youtube.com/watch?v=TOypSnKFHrE,YouTube,TOypSnKFHrE,The Strokes - Last Nite
Sublime,Wrong Way,,http://youtube.com/watch?v=uLifSFBs_Lk,YouTube,uLifSFBs_Lk,Sublime - Wrong Way
Sugar Ray,Every Morning,,http://youtube.com/watch?v=3cqU1pFRqYE,YouTube,3cqU1pFRqYE,Every Morning - Sugar Ray
Taco,Puttin’ on the Ritz,,http://youtube.com/watch?v=OG3PnQ3tgzY,YouTube,OG3PnQ3tgzY,Taco - Puttin' on the Ritz (Original Uncensored Version)
Tag Team,Whoomp There It Is,,http://youtube.com/watch?v=FPimCmbX8,YouTube,FPimCmbX8,Whoomp There It Is - Tag Team-Z-FPimCmbX8
Tal Bachman,She’s So High,,http://youtube.com/watch?v=_ElORM9O-0U,YouTube,_ElORM9O-0U,Tal Bachman - She's So High-_ElORM9O
Talking Heads,"Wild, Wild Life",,http://youtube.com/watch?v=bWP07YgUWig,YouTube,bWP07YgUWig,"Talking Heads - 'Wild, Wild Life'"
Talking Heads,Burning Down the House,,http://youtube.com/watch?v=u06DpcFXc4U,YouTube,u06DpcFXc4U,Talking Heads-Burning down the house
Tears For Fears,Everybody Wants to Rule the World,,http://youtube.com/watch?v=ST86JM1RPl0,YouTube,ST86JM1RPl0,Tears For Fears - 'Everybody Wants To Rule The World' - ORIGINAL VIDEO
Third Eye Blind,How's It Gonna Be,,http://youtube.com/watch?v=Femqf_Mel4U,YouTube,Femqf_Mel4U,Hows It Gonna Be - Third Eye Blind
Third Eye Blind,Semi-Charmed Life,,http://youtube.com/watch?v=MyjTrwOMSO4,YouTube,MyjTrwOMSO4,
Thompson Twins,Lies,,http://youtube.com/watch?v=3MG1YaMq0Tk,YouTube,3MG1YaMq0Tk,Lies-Thopmson Twins
Tiffany,I Think We’re Alone Now,,http://youtube.com/watch?v=w6Q3mHyzn78,YouTube,w6Q3mHyzn78,Tiffany - I Think We're Alone Now
Tina Turner,Private Dancer,,http://youtube.com/watch?v=d4QnalIHlVc,YouTube,d4QnalIHlVc,Tina Turner - Private Dancer
Toadies,Possum Kingdom,,http://youtube.com/watch?v=EkwD5rQ-_d4,YouTube,EkwD5rQ-_d4,The Toadies - Possum Kingdom-EkwD5rQ
Tom Petty and the Heartbreakers,Don’t Come Around Here No More,,http://youtube.com/watch?v=h0JvF9vpqx8,YouTube,h0JvF9vpqx8,Tom Petty And The Heartbreakers - Don't Come Around Here No More
Tom Petty and the Heartbreakers,Mary Jane’s Last Dance,,http://youtube.com/watch?v=aowSGxim_O8,YouTube,aowSGxim_O8,Tom Petty And The Heartbreakers - Mary Jane's Last Dance
Toni Basil,Mickey,,http://youtube.com/watch?v=LSfnopkT37I,YouTube,LSfnopkT37I,Toni Basil - Mickey (Director's Cut)
Toni Braxton,Un-Break My Heart,,http://youtube.com/watch?v=p2Rch6WvPJE,YouTube,p2Rch6WvPJE,Toni Braxton - Un-Break My Heart
Too Shy,Kajagoogoo,,http://youtube.com/watch?v=qsjzcT1QKYs,YouTube,qsjzcT1QKYs,Too Shy - Kajagoogoo
Tori Amos,Silent All These Years,,http://youtube.com/watch?v=HSYr0etDzRM,YouTube,HSYr0etDzRM,Tori Amos - 'Silent All These Years' (Official Music Video)
Tori Amos,A Sorta Fairytale,,http://youtube.com/watch?v=C_C23JCduok,YouTube,C_C23JCduok,Tori Amos - A Sorta Fairytale-C_C23JCduok
Toto,Africa,,http://youtube.com/watch?v=FTQbiNvZqaY,YouTube,FTQbiNvZqaY,Toto - Africa
Tracy Bonham,Mother Mother,,http://youtube.com/watch?v=2Xi8NvSetZc,YouTube,2Xi8NvSetZc,Tracy Bonham - Mother Mother
Transister,Look Who’s Perfect Now,,http://youtube.com/watch?v=zn-j7bZsWxQ,YouTube,zn-j7bZsWxQ,Transister   look who's perfect now promo video-zn
Transister,Look Who’s Perfect Now (Alternate),,http://youtube.com/watch?v=yH57W8ANsdc,YouTube,yH57W8ANsdc,Transister 'Look Who's Perfect Now' Alt. Music Video
Traveling Wilburys,Handle with Care,,http://youtube.com/watch?v=L8s9dmuAKvU,YouTube,L8s9dmuAKvU,Traveling Wilburys - Handle With Care
Trio      ,Da Da Da,,http://youtube.com/watch?v=lNYcviXK4rg,YouTube,lNYcviXK4rg,Trio       --      Da    Da    Da   [[   Official    Video   ]]
Trisha Yearwood,She’s in Love with the Boy,,http://youtube.com/watch?v=mUFObCZtGWQ,YouTube,mUFObCZtGWQ,Trisha Yearwood - She's In Love With The Boy
U.S.A. for Africa,We Are the World,,http://youtube.com/watch?v=9AjkUyX0rVw,YouTube,9AjkUyX0rVw,U.S.A. For Africa - We Are the World
UB40,Red Red Wine,,http://youtube.com/watch?v=zXt56MB-3vc,YouTube,zXt56MB-3vc,UB40 - Red Red Wine-zXt56MB
Uncle Kracker,Follow Me,,http://youtube.com/watch?v=0Gjx-ZQuQ_Y,YouTube,0Gjx-ZQuQ_Y,Uncle Kracker - Follow Me [Official Video]-0Gjx
Vanessa Williams,Save the Best for Last,,http://youtube.com/watch?v=5EdmHSTwmWY,YouTube,5EdmHSTwmWY,Vanessa Williams - Save The Best For Last
Vertical Horizon,Everything You Want,,http://youtube.com/watch?v=rZoD8JEFjAE,YouTube,rZoD8JEFjAE,Vertical Horizon - Everything You Want
Veruca Salt,Volcano Girls,,http://youtube.com/watch?v=qyVSKydUxKk,YouTube,qyVSKydUxKk,Veruca Salt - Volcano Girls
Verve,Bitter Sweet Symphony,,http://youtube.com/watch?v=1lyu1KKwC74,YouTube,1lyu1KKwC74,The Verve - Bitter Sweet Symphony
Verve Pipe,The Freshmen,,http://youtube.com/watch?v=1umEXpGHc0E,YouTube,1umEXpGHc0E,The Verve Pipe - The Freshmen
Vines,Get Free,,http://youtube.com/watch?v=asOvnGHwtDU,YouTube,asOvnGHwtDU,The Vines - Get Free
Von Bondies,C’mon C’mon,,http://youtube.com/watch?v=RFGo5cqcxP4,YouTube,RFGo5cqcxP4,The Von Bondies - C'mon C'mon (Video)
Walkmen,The Rat,,http://youtube.com/watch?v=aWR1h-5EzUo,YouTube,aWR1h-5EzUo,The Walkmen   The Rat-aWR1h
Wallflowers,Heroes,,http://youtube.com/watch?v=1g2VdB4YpzQ,YouTube,1g2VdB4YpzQ,The Wallflowers - Heroes
Wallflowers,One Headlight,,http://youtube.com/watch?v=Zzyfcys1aLM,YouTube,Zzyfcys1aLM,The Wallflowers - One Headlight
Warren G feat. Nate Dogg,Regulate,,http://youtube.com/watch?v=1plPyJdXKIY,YouTube,1plPyJdXKIY,Warren G - Regulate ft. Nate Dogg-1plPyJdXKIY
Wax,California,,http://youtube.com/watch?v=Px_3MerNhgQ,YouTube,Px_3MerNhgQ,Wax _ California (Official Video)
Weezer,Buddy Holly,,http://youtube.com/watch?v=kemivUKb4f4,YouTube,kemivUKb4f4,Weezer - Buddy Holly
Wham!,Last Christmas,,http://youtube.com/watch?v=E8gmARGvPlI,YouTube,E8gmARGvPlI,Wham! - Last Christmas
Wham!,Wake Me Up Before You Go-Go,,http://youtube.com/watch?v=pIgZ7gMze7A,YouTube,pIgZ7gMze7A,Wham! - Wake Me Up Before You Go-Go
White Stripes,Fell in Love with a Girl,,http://youtube.com/watch?v=fTH71AAxXmM,YouTube,fTH71AAxXmM,The White Stripes-Fell In Love With A Girl
White Town,Your Woman,,http://www.muzu.tv/white-town/your-woman-music-video/149327/,MUZU,149327,White Town - Your Woman
White Zombie,More Human Than Human,,http://youtube.com/watch?v=E0E0ynyIUsg,YouTube,E0E0ynyIUsg,White Zombie - More Human Than Human
Whitney Houston,Exhale,,http://youtube.com/watch?v=wrTuV4Szxzo,YouTube,wrTuV4Szxzo,Whitney Houston - Exhale
Whitney Houston,I Wanna Dance with Somebody,,http://youtube.com/watch?v=eH3giaIzONA,YouTube,eH3giaIzONA,Whitney Houston - I Wanna Dance With Somebody
Whitney Houston,My Name Is Not Susan,,http://youtube.com/watch?v=iHJ0_ci8xbk,YouTube,iHJ0_ci8xbk,Whitney Houston - My Name Is Not Susan (w_out Rap)
Will Smith,Gettin’ Jiggy Wit It,,http://youtube.com/watch?v=3JcmQONgXJM,YouTube,3JcmQONgXJM,Will Smith - Gettin' Jiggy Wit It-3JcmQONgXJM
Wilson Phillips,Hold On,,http://youtube.com/watch?v=uIbXvaE39wM,YouTube,uIbXvaE39wM,Wilson Phillips - Hold On
Wyclef Jean,Gone Till November,,http://youtube.com/watch?v=kI6MWZrl8v8,YouTube,kI6MWZrl8v8,"Wyclef Jean, Canibus - Gone Till November"